id,MovieTitle,ReleaseDate,Genere1,Genere2,
1,ToyStory,1995,Animation,Children
2,GoldenEye,1995,Action,Adventure
3,FourRooms,1995,Thriller
4,GetShorty,1995,Action,Comedy
5,Copycat,1995,Crime,Drama
6,ShanghaiTriad,1995,Drama
7,TwelveMonkeys,1995,Drama,SciFi
8,Babe,1995,Children,Comedy
9,DeadManWalking,1995,Drama
10,RichardIII,1996,Drama,war
11,Seven,1995,Crime,Thriller
12,UsualSuspects,1995,Documentary,war
13,MightyAphrodite,1995,Comedy
14,Postino,1994,Fantasy,SciFi
15,MrHollandsOpus,1996,Drama
16,FrenchTwist,1995,Comedy,Romance
17,FromDuskTillDawn,1996,Action,Comedy
18,WhiteBalloon,1995,Fantasy
19,AntoniasLine,1995,Drama
20,AngelsandInsects,1995,Drama,Romance
21,MuppetTreasureIsland,1996,Action,Adventure
22,Braveheart,1996,Action,Drama
23,TaxiDriver,1996,Drama,Thriller
24,RumbleintheBronx,1996,Action,Adventure
25,Birdcage,1996,Crime
26,BrothersMcMullen,1995,Crime
27,BadBoys,1995,Action
28,Apollo13,1995,Action,Drama
29,BatmanForever,1995,Action,Adventure
30,Belledejour,1967,Drama
31,CrimsonTide,1995,Drama,Thriller
32,Crumb,1994,Documentary
33,Desperado,1995,Action,Romance
34,DoomGeneration,1995,Crime,Fantasy
35,FreeWilly2TheAdventureHome,1995,Adventure,Children
36,MadLove,1995,Drama,Romance
37,Nadja,1994,Drama
38,Net,1995,Thriller,war
39,StrangeDays,1995,Action,Crime
40,ToWongFoo,1995,Crime
41,BillyMadison,1995,Comedy
42,Clerks,1994,Comedy
43,Disclosure,1994,Drama,Thriller
44,DoloresClaiborne,1994,Drama,Thriller
45,EatDrinkManWoman,1994,Comedy,Drama
46,Exotica,1994,Drama
47,EdWood,1994,Comedy,Drama
48,HoopDreams,1994,Documentary
49,IQ,1994,Comedy,Romance
50,StarWars,1977,Action,Adventure
51,LegendsoftheFall,1994,Drama,Romance
52,MadnessofKingGeorge,1994,Fantasy
53,NaturalBornKillers,1994,Action,Thriller
54,Outbreak,1995,Action,Drama
55,Professional,1994,Documentary,Fantasy
56,PulpFiction,1994,Crime,Drama
57,Priest,1994,Drama
58,QuizShow,1994,Drama
59,ThreeColorsRed,1994,Drama
60,ThreeColorsBlue,1993,Drama
61,ThreeColorsWhite,1994,Drama
62,Stargate,1994,Action,Adventure
63,SantaClause,1994,Comedy,Crime
64,ShawshankRedemption,1994,Fantasy
65,WhatsEatingGilbertGrape,1993,Comedy,Drama
66,WhileYouWereSleeping,1995,Comedy,Romance
67,AceVenturaPetDetective,1994,Comedy
68,Crow,1994,Adventure,SciFi
69,ForrestGump,1994,Comedy,Romance
70,FourWeddingsandaFuneral,1994,Comedy,Romance
71,LionKing,1994,Children,Comedy
72,Mask,1994,Crime,Documentary
73,Maverick,1994,Action,Comedy
74,FasterPussycatKillKill,1965,Action,Comedy
75,BrotherMinisterTheAssassinationofMalcolmX,1994,Documentary
76,CarlitosWay,1993,Crime,Drama
77,Firm,1993,Fantasy,war
78,FreeWilly,1993,Adventure,Children
79,Fugitive,1993,Adventure,war
80,HotShotsPartDeux,1993,Action,Comedy
81,HudsuckerProxy,1994,Crime,SciFi
82,JurassicPark,1993,Action,Adventure
83,MuchAdoAboutNothing,1993,Comedy,Romance
84,RobertAHeinleinsThePuppetMasters,1994,Horror,SciFi
85,Ref,1994,Crime
86,RemainsoftheDay,1993,Fantasy
87,SearchingforBobbyFischer,1993,Drama
88,SleeplessinSeattle,1993,Comedy,Romance
89,BladeRunner,1982,FilmNoir,SciFi
90,SoIMarriedanAxeMurderer,1993,Comedy,Romance
91,NightmareBeforeChristmas,1993,Comedy,Crime
92,TrueRomance,1993,Action,Crime
93,WelcometotheDollhouse,1996,Comedy,Drama
94,HomeAlone,1990,Children,Comedy
95,Aladdin,1992,Animation,Children
96,Terminator2JudgmentDay,1991,Action,SciFi
97,DanceswithWolves,1990,Adventure,Drama
98,SilenceoftheLambs,1991,Fantasy,war
99,SnowWhiteandtheSevenDwarfs,1937,Animation,Children
100,Fargo,1997,Crime,Drama
101,HeavyMetal,1981,Action,Adventure
102,Aristocats,1970,Children,Comedy
103,AllDogsGotoHeaven2,1996,Animation,Children
104,TheodoreRex,1996,Comedy
105,SgtBilko,1996,Comedy
106,Diabolique,1996,Drama,Thriller
107,MollFlanders,1996,Drama
108,KidsintheHallBrainCandy,1996,Comedy
109,MysteryScienceTheater3000TheMovie,1996,Comedy,SciFi
110,OperationDumboDrop,1995,Action,Adventure
111,TruthAboutCatsDogs,1996,Crime,SciFi
112,Flipper,1996,Adventure,Children
113,HorsemanontheRoof,,FilmNoir
114,WallaceGromitTheBestofAardmanAnimation,1996,Animation
115,HauntedWorldofEdwardDWoodJr,1995,Drama
116,ColdComfortFarm,1996,Comedy
117,Rock,1996,Adventure,Animation
118,Twister,1996,Action,Adventure
119,MayaLinAStrongClearVision,1994,Documentary
120,Striptease,1996,Comedy,Crime
121,IndependenceDay,1996,Action,SciFi
122,CableGuy,1996,Crime
123,Frighteners,1996,Crime,Musical
124,LoneStar,1996,Drama,Mystery
125,Phenomenon,1996,Drama,Romance
126,SpitfireGrill,1996,Fantasy
127,Godfather,1972,Adventure,Documentary
128,Supercop,1996,Action,Thriller
129,Bound,1996,Crime,Drama
130,KansasCity,1996,Crime
131,BreakfastatTiffanys,1961,Drama,Romance
132,WizardofOz,1939,Animation,Comedy
133,GonewiththeWind,1939,Drama,Romance
134,CitizenKane,1941,Drama
135,2001ASpaceOdyssey,1968,Drama,Mystery
136,MrSmithGoestoWashington,1939,Drama
137,BigNight,1996,Drama
138,D3TheMightyDucks,1996,Children,Comedy
139,LoveBug,1969,Comedy,Crime
140,HomewardBoundTheIncredibleJourney,1993,Adventure,Children
141,20,0001954,Animation,Comedy
142,BedknobsandBroomsticks,1971,Adventure,Children
143,SoundofMusic,1965,Mystery
144,DieHard,1988,Action,Thriller
145,LawnmowerMan,1992,Adventure,Thriller
146,UnhooktheStars,1996,Drama
147,LongKissGoodnight,1996,Adventure,war
148,GhostandtheDarkness,1996,Adventure,Animation
149,Jude,1996,Drama
150,Swingers,1996,Comedy,Drama
151,WillyWonkaandtheChocolateFactory,1971,Adventure,Children
152,Sleeper,1973,Comedy,SciFi
153,FishCalledWanda,1988,Crime
154,MontyPythonsLifeofBrian,1979,Comedy
155,DirtyDancing,1987,Musical,Romance
156,ReservoirDogs,1992,Crime,Thriller
157,Platoon,1986,Drama,war
158,WeekendatBernies,1989,Comedy
159,BasicInstinct,1992,Mystery,Thriller
160,GlengarryGlenRoss,1992,Drama
161,TopGun,1986,Action,Romance
162,OnGoldenPond,1981,Drama
163,ReturnofthePinkPanther,1974,Crime
164,Abyss,1989,Adventure,Animation
165,JeandeFlorette,1986,Drama
166,ManonoftheSpring,1986,Drama
167,PrivateBenjamin,1980,Comedy
168,MontyPythonandtheHolyGrail,1974,Comedy
169,WrongTrousers,1993,Children,Crime
170,CinemaParadiso,1988,Comedy,Drama
171,Delicatessen,1991,Comedy,SciFi
172,EmpireStrikesBack,1980,Adventure,Animation
173,PrincessBride,1987,Adventure,Animation
174,RaidersoftheLostArk,1981,Action,Adventure
175,Brazil,1985,SciFi
176,Aliens,1986,Action,SciFi
177,Good,,Animation
178,12AngryMen,1957,Drama
179,ClockworkOrange,1971,Thriller
180,ApocalypseNow,1979,Drama,war
181,ReturnoftheJedi,1997,Action,Adventure
182,GoodFellas,1990,Crime,Drama
183,Alien,1979,Action,Horror
184,ArmyofDarkness,1993,Action,Adventure
185,Psycho,1960,Horror,Romance
186,BluesBrothers,1980,Adventure,Crime
187,GodfatherPartII,1974,Adventure,Documentary
188,FullMetalJacket,1987,Action,Drama
189,GrandDayOut,1992,Children,Crime
190,HenryV,1989,Drama,war
191,Amadeus,1984,Drama,Mystery
192,RagingBull,1980,Drama
193,RightStuff,1983,Fantasy
194,Sting,1973,Crime,Documentary
195,Terminator,1984,Adventure,Thriller
196,DeadPoetsSociety,1989,Drama
197,Graduate,1967,Fantasy,SciFi
198,Nikita,1990,Thriller
199,BridgeontheRiverKwai,1957,Fantasy,Western
200,Shining,1980,Musical
201,EvilDeadII,1987,Action,Adventure
202,GroundhogDay,1993,Comedy,Romance
203,Unforgiven,1992,Western
204,BacktotheFuture,1985,Comedy,SciFi
205,Patton,1970,Drama,war
206,Akira,1988,Adventure,Animation
207,CyranodeBergerac,1990,Action,Drama
208,YoungFrankenstein,1974,Comedy,Horror
209,ThisIsSpinalTap,1984,Comedy,Drama
210,IndianaJonesandtheLastCrusade,1989,Action,Adventure
211,MASH,1970,Comedy,war
212,UnbearableLightnessofBeing,1988,Fantasy
213,RoomwithaView,1986,Fantasy,SciFi
214,PinkFloydTheWall,1982,Drama,Musical
215,FieldofDreams,1989,Drama
216,WhenHarryMetSally,1989,Comedy,Romance
217,BramStokersDracula,1992,Horror,Romance
218,CapeFear,1991,Thriller
219,NightmareonElmStreet,1984,Musical
220,MirrorHasTwoFaces,1996,Crime,SciFi
221,BreakingtheWaves,1996,Drama
222,StarTrekFirstContact,1996,Action,Adventure
223,SlingBlade,1996,Drama,Thriller
224,Ridicule,1996,Drama
225,101Dalmatians,1996,Children,Comedy
226,DieHard2,1990,Action,Thriller
227,StarTrekVITheUndiscoveredCountry,1991,Action,Adventure
228,StarTrekTheWrathofKhan,1982,Action,Adventure
229,StarTrekIIITheSearchforSpock,1984,Action,Adventure
230,StarTrekIVTheVoyageHome,1986,Action,Adventure
231,BatmanReturns,1992,Action,Adventure
232,YoungGuns,1988,Action,Comedy
233,UnderSiege,1992,Action
234,Jaws,1975,Action,Horror
235,MarsAttacks,1996,Action,Comedy
236,CitizenRuth,1996,Comedy,Drama
237,JerryMaguire,1996,Drama,Romance
238,RaisingArizona,1987,Comedy
239,Sneakers,1992,Crime,Drama
240,BeavisandButtheadDoAmerica,1996,Animation,Comedy
241,LastoftheMohicans,1992,Adventure,SciFi
242,Kolya,1997,Comedy
243,Jungle2Jungle,1997,Children,Comedy
244,SmillasSenseofSnow,1997,Action,Drama
245,DevilsOwn,1997,Adventure,Fantasy
246,ChasingAmy,1997,Drama,Romance
247,TurboAPowerRangersMovie,1997,Action,Adventure
248,GrossePointeBlank,1997,Comedy,Crime
249,AustinPowersInternationalManofMystery,1997,Comedy
250,FifthElement,1997,Adventure,Thriller
251,ShallWeDance,1997,Comedy
252,LostWorldJurassicPark,1997,Adventure,Animation
253,PillowBook,1995,Fantasy,SciFi
254,BatmanRobin,1997,Action,Adventure
255,MyBestFriendsWedding,1997,Comedy,Romance
256,WhentheCatsAway,1997,Comedy,Romance
257,MeninBlack,1997,Action,Adventure
258,Contact,1997,Drama,SciFi
259,GeorgeoftheJungle,1997,Children,Comedy
260,EventHorizon,1997,Action,Mystery
261,AirBud,1997,Children,Comedy
262,IntheCompanyofMen,1997,Drama
263,Steel,1997,Action
264,Mimic,1997,SciFi,Thriller
265,HuntforRedOctober,1990,Adventure,war
266,KulltheConqueror,1997,Action,Adventure
267,unknown,,unknown
268,ChasingAmy,1997,Drama,Romance
269,FullMonty,1997,Crime
270,Gattaca,1997,Drama,SciFi
271,StarshipTroopers,1997,Action,Adventure
272,GoodWillHunting,1997,Drama
273,Heat,1995,Action,Crime
274,Sabrina,1995,Comedy,Romance
275,SenseandSensibility,1995,Drama,Romance
276,LeavingLasVegas,1995,Drama,Romance
277,Restoration,1995,Drama
278,BedofRoses,1996,Drama,Romance
279,OnceUponaTimeWhenWeWereColored,1995,Drama
280,UpCloseandPersonal,1996,Drama,Romance
281,RiverWild,1994,Adventure,war
282,TimetoKill,1996,Fantasy
283,Emma,1996,Drama,Romance
284,TinCup,1996,Comedy,Romance
285,SecretsLies,1996,Drama
286,EnglishPatient,1996,Fantasy,SciFi
287,MarvinsRoom,1996,Drama
288,Scream,1996,Horror,Thriller
289,Evita,1996,Drama,Musical
290,FierceCreatures,1997,Comedy
291,AbsolutePower,1997,Mystery,Thriller
292,Rosewood,1997,Drama
293,DonnieBrasco,1997,Crime,Drama
294,LiarLiar,1997,Comedy
295,Breakdown,1997,Action,Thriller
296,Promesse,1996,Fantasy
297,UleesGold,1997,Drama
298,FaceOff,1997,Action,SciFi
299,Hoodlum,1997,Crime,Drama
300,AirForceOne,1997,Action,Thriller
301,InOut,1997,Comedy
302,LAConfidential,1997,Crime,FilmNoir
303,UleesGold,1997,Drama
304,FlyAwayHome,1996,Adventure,Children
305,IceStorm,1997,Fantasy
306,MrsBrownHerMajesty,.1997,Fantasy,SciFi
307,DevilsAdvocate,1997,Documentary,Musical
308,FairyTaleATrueStory,1997,Children,Drama
309,Deceiver,1997,Crime
310,Rainmaker,1997,Fantasy
311,WingsoftheDove,1997,Fantasy,SciFi
312,MidnightintheGardenofGoodandEvil,1997,Comedy,Crime
313,Titanic,1997,Action,Drama
314,3NinjasHighNoonAtMegaMountain,1997,Action,Children
315,AptPupil,1998,Drama,Thriller
316,AsGoodAsItGets,1997,Comedy,Drama
317,IntheNameoftheFather,1993,Drama
318,SchindlersList,1993,Drama,war
319,EveryoneSaysILoveYou,1996,Comedy,Musical
320,ParadiseLostTheChildMurdersatRobinHoodHills,1996,Documentary
321,Mother,1996,Comedy
322,Murderat1600,1997,Mystery,Thriller
323,DantesPeak,1997,Action,Thriller
324,LostHighway,1997,Mystery
325,Crash,1997,Drama,Thriller
326,GIJane,1997,Action,Drama
327,CopLand,1997,Crime,Drama
328,ConspiracyTheory,1997,Action,Mystery
329,DesperateMeasures,1998,Crime,Drama
330,187,1997,Drama
331,Edge,1997,Animation,war
332,KisstheGirls,1997,Crime,Drama
333,Game,1997,Romance,war
334,UTurn,1997,Action,Crime
335,HowtoBeaPlayer,1997,Comedy
336,PlayingGod,1997,Crime,Thriller
337,HouseofYes,1997,Crime,Fantasy
338,Bean,1997,Comedy
339,MadCity,1997,Action,Drama
340,BoogieNights,1997,Drama
341,CriticalCare,1997,Comedy
342,ManWhoKnewTooLittle,1997,Crime,Romance
343,AlienResurrection,1997,Action,Horror
344,Apostle,1997,Fantasy
345,DeconstructingHarry,1997,Comedy,Drama
346,JackieBrown,1997,Crime,Drama
347,WagtheDog,1998,Comedy,Drama
348,DesperateMeasures,1998,Crime,Drama
349,HardRain,1998,Action,Thriller
350,Fallen,1998,Action,Mystery
351,ProphecyII,1998,Musical
352,SpiceWorld,1997,Comedy,Musical
353,DeepRising,1998,Action,Horror
354,WeddingSinger,1998,Crime,SciFi
355,Sphere,1998,Adventure,SciFi
356,Client,1994,Fantasy,Romance
357,OneFlewOvertheCuckoosNest,1975,Drama
358,Spawn,1997,Action,Adventure
359,Assignment,1997,war
360,Wonderland,1997,Documentary
361,Incognito,1997,Crime,Thriller
362,BluesBrothers2000,1998,Action,Comedy
363,SuddenDeath,1995,Action
364,AceVenturaWhenNatureCalls,1995,Comedy
365,Powder,1995,Drama
366,DangerousMinds,1995,Drama
367,Clueless,1995,Comedy
368,BioDome,1996,Comedy
369,BlackSheep,1996,Comedy
370,MaryReilly,1996,Drama,Thriller
371,BridgesofMadisonCounty,1995,Fantasy,SciFi
372,Jeffrey,1995,Comedy
373,JudgeDredd,1995,Action,Adventure
374,MightyMorphinPowerRangersTheMovie,1995,Action,Children
375,Showgirls,1995,Drama
376,Houseguest,1994,Comedy
377,Heavyweights,1994,Children,Comedy
378,Miracleon34thStreet,1994,Drama
379,TalesFromtheCryptPresentsDemonKnight,1995,Horror
380,StarTrekGenerations,1994,Action,Adventure
381,MurielsWedding,1994,Comedy,Romance
382,AdventuresofPriscilla,,Documentary,FilmNoir
383,Flintstones,1994,Comedy,Crime
384,NakedGun3313TheFinalInsult,1994,Comedy
385,TrueLies,1994,Action,Adventure
386,AddamsFamilyValues,1993,Comedy
387,AgeofInnocence,1993,Fantasy
388,BeverlyHillsCopIII,1994,Action,Comedy
389,BlackBeauty,1994,Adventure,Children
390,FearofaBlackHat,1993,Comedy
391,LastActionHero,1993,Action,Comedy
392,ManWithoutaFace,1993,Fantasy
393,MrsDoubtfire,1993,Comedy
394,RadiolandMurders,1994,Comedy,Mystery
395,RobinHoodMeninTights,1993,Comedy
396,SerialMom,1994,Comedy,Crime
397,StrikingDistance,1993,Action
398,SuperMarioBros,1993,Action,Adventure
399,ThreeMusketeers,1993,Adventure,Animation
400,LittleRascals,1994,Comedy,Crime
401,BradyBunchMovie,1995,Crime
402,Ghost,1990,Comedy,Romance
403,Batman,1989,Action,Adventure
404,Pinocchio,1940,Animation,Children
405,MissionImpossible,1996,Action,Adventure
406,Thinner,1996,Horror,Thriller
407,SpyHard,1996,Comedy
408,CloseShave,1995,Children,Crime
409,Jack,1996,Comedy,Drama
410,Kingpin,1996,Comedy
411,NuttyProfessor,1996,Crime,FilmNoir
412,VeryBradySequel,1996,Crime
413,TalesfromtheCryptPresentsBordelloofBlood,1996,Horror
414,MyFavoriteYear,1982,Comedy
415,AppleDumplingGang,1975,Comedy,Crime
416,OldYeller,1957,Children,Drama
417,ParentTrap,1961,Comedy,Fantasy
418,Cinderella,1950,Animation,Children
419,MaryPoppins,1964,Children,Comedy
420,AliceinWonderland,1951,Animation,Children
421,WilliamShakespearesRomeoandJuliet,1996,Drama,Romance
422,AladdinandtheKingofThieves,1996,Animation,Children
423,ETtheExtraTerrestrial,1982,Children,Drama
424,ChildrenoftheCornTheGathering,1996,Horror
425,BobRoberts,1992,Comedy
426,TransformersTheMovie,1986,Adventure,Children
427,ToKillaMockingbird,1962,Drama
428,HaroldandMaude,1971,Comedy
429,DaytheEarthStoodStill,1951,Fantasy,Thriller
430,DuckSoup,1933,Comedy,war
431,Highlander,1986,Action,Adventure
432,Fantasia,1940,Animation,Children
433,Heathers,1989,Comedy
434,ForbiddenPlanet,1956,SciFi
435,ButchCassidyandtheSundanceKid,1969,Action,Comedy
436,AmericanWerewolfinLondon,1981,Musical
437,Amityville1992ItsAboutTime,1992,Horror
438,Amityville3D,1983,Horror
439,AmityvilleANewGeneration,1993,Horror
440,AmityvilleIIThePossession,1982,Horror
441,AmityvilleHorror,1979,Musical
442,AmityvilleCurse,1990,Musical
443,Birds,1963,Musical
444,Blob,1958,Musical,Thriller
445,BodySnatcher,1945,Musical
446,BurntOfferings,1976,Horror
447,Carrie,1976,Horror
448,Omen,1976,Musical
449,StarTrekTheMotionPicture,1979,Action,Adventure
450,StarTrekVTheFinalFrontier,1989,Action,Adventure
451,Grease,1978,Comedy,Musical
452,Jaws2,1978,Action,Horror
453,Jaws3D,1983,Action,Horror
454,BastardOutofCarolina,1996,Drama
455,JackieChansFirstStrike,1997,Action
456,BeverlyHillsNinja,1997,Action,Comedy
457,FreeWilly3TheRescue,1997,Adventure,Children
458,Nixon,1995,Drama
459,Cry,1995,Fantasy
460,CrossingGuard,1995,Fantasy
461,Smoke,1995,Drama
462,LikeWaterForChocolate,1992,Drama,Romance
463,SecretofRoanInish,1994,Animation
464,Vanyaon42ndStreet,1994,Drama
465,JungleBook,1994,Animation,Comedy
466,RedRockWest,1992,Thriller
467,BronxTale,1993,Fantasy
468,Rudy,1993,Drama
469,ShortCuts,1993,Drama
470,Tombstone,1993,Western
471,CourageUnderFire,1996,Drama,war
472,Dragonheart,1996,Action,Adventure
473,JamesandtheGiantPeach,1996,Animation,Children
474,DrStrangeloveorHowILearnedtoStopWorryingandLovetheBomb,1963,SciFi,war
475,Trainspotting,1996,Drama
476,FirstWivesClub,1996,Crime
477,Matilda,1996,Children,Comedy
478,PhiladelphiaStory,1940,Crime,SciFi
479,Vertigo,1958,Mystery,Thriller
480,NorthbyNorthwest,1959,Comedy,Thriller
481,Apartment,1960,Crime,Fantasy
482,SomeLikeItHot,1959,Comedy,Crime
483,Casablanca,1942,Drama,Romance
484,MalteseFalcon,1941,Horror,Romance
485,MyFairLady,1964,Musical,Romance
486,Sabrina,1954,Comedy,Romance
487,RomanHoliday,1953,Comedy,Romance
488,SunsetBlvd,1950,FilmNoir
489,Notorious,1946,FilmNoir,Romance
490,ToCatchaThief,1955,Comedy,Romance
491,AdventuresofRobinHood,1938,Adventure,Animation
492,EastofEden,1955,Drama
493,ThinMan,1934,Romance
494,HisGirlFriday,1940,Comedy
495,AroundtheWorldin80Days,1956,Adventure,Comedy
496,ItsaWonderfulLife,1946,Drama
497,BringingUpBaby,1938,Comedy
498,AfricanQueen,1951,Adventure,Animation
499,CatonaHotTinRoof,1958,Drama
500,FlyAwayHome,1996,Adventure,Children
501,Dumbo,1941,Animation,Children
502,Bananas,1971,Comedy,war
503,Candidate,1972,Fantasy
504,BonnieandClyde,1967,Crime,Drama
505,DialMforMurder,1954,Mystery,Thriller
506,RebelWithoutaCause,1955,Drama
507,StreetcarNamedDesire,1951,Fantasy
508,PeoplevsLarryFlynt,1996,Fantasy
509,MyLeftFoot,1989,Drama
510,MagnificentSeven,1954,Adventure,Fantasy
511,LawrenceofArabia,1962,Adventure,war
512,WingsofDesire,1987,Comedy,Drama
513,ThirdMan,1949,Romance,war
514,AnnieHall,1977,Comedy,Romance
515,Boot,1981,Adventure,Fantasy
516,LocalHero,1983,Comedy
517,Manhattan,1979,Comedy,Drama
518,MillersCrossing,1990,Drama
519,TreasureoftheSierraMadre,1948,Animation
520,GreatEscape,1963,Animation,Western
521,DeerHunter,1978,Fantasy,Western
522,DownbyLaw,1986,Comedy,Drama
523,CoolHandLuke,1967,Comedy,Drama
524,GreatDictator,1940,Crime
525,BigSleep,1946,Horror,Romance
526,BenHur,1959,Action,Adventure
527,Gandhi,1982,Drama
528,KillingFields,1984,Fantasy,Western
529,MyLifeasaDog,1985,Drama
530,ManWhoWouldBeKing,1975,Animation
531,Shine,1996,Drama,Romance
532,KamaSutraATaleofLove,1997,Romance
533,Daytrippers,1996,Romance
534,Traveller,1997,Drama
535,AddictedtoLove,1997,Comedy,Romance
536,Ponette,1997,Drama
537,MyOwnPrivateIdaho,1991,Drama
538,Anastasia,1997,Animation,Children
539,MouseHunt,1997,Children,Comedy
540,MoneyTrain,1995,Action
541,MortalKombat,1995,Action,Adventure
542,Pocahontas,1995,Animation,Children
543,Misrables,1995,Fantasy,Mystery
544,ThingstoDoinDenverwhenYoureDead,1996,Crime,Drama
545,VampireinBrooklyn,1995,Comedy,Romance
546,BrokenArrow,1996,Action,Thriller
547,YoungPoisonersHandbook,1995,Documentary
548,NeverEndingStoryIII,1994,Comedy,FilmNoir
549,RobRoy,1995,Drama,Romance
550,DieHardWithaVengeance,1995,Action,Thriller
551,LordofIllusions,1995,Horror
552,Species,1995,SciFi
553,WalkintheClouds,1995,Fantasy,SciFi
554,Waterworld,1995,Action,Adventure
555,WhiteMansBurden,1995,Drama
556,WildBill,1995,Western
557,Farinelliilcastrato,1994,Drama,Musical
558,HeavenlyCreatures,1994,Drama,Fantasy
559,InterviewwiththeVampire,1994,Drama,Horror
560,KidinKingArthursCourt,1995,Animation,Comedy
561,MaryShelleysFrankenstein,1994,Drama,Horror
562,QuickandtheDead,1995,Adventure,Animation
563,StephenKingsTheLangoliers,1995,Horror
564,TalesfromtheHood,1995,Comedy,Horror
565,VillageoftheDamned,1995,Horror,Thriller
566,ClearandPresentDanger,1994,Action,Adventure
567,WesCravensNewNightmare,1994,Horror
568,Speed,1994,Action,Romance
569,Wolf,1994,Drama,Horror
570,WyattEarp,1994,Western
571,AnotherStakeout,1993,Comedy,Thriller
572,BlownAway,1994,Action,Thriller
573,BodySnatchers,1993,Horror,SciFi
574,BoxingHelena,1993,Mystery,Romance
575,CitySlickersIITheLegendofCurlysGold,1994,Comedy,Western
576,Cliffhanger,1993,Action,Adventure
577,Coneheads,1993,Comedy,SciFi
578,DemolitionMan,1993,Action,SciFi
579,FatalInstinct,1993,Comedy
580,EnglishmanWhoWentUpaHill,,Documentary,Thriller
581,Kalifornia,1993,Drama,Thriller
582,Piano,1993,Fantasy,SciFi
583,RomeoIsBleeding,1993,Crime,Thriller
584,SecretGarden,1993,Comedy,Fantasy
585,SoninLaw,1993,Comedy
586,TerminalVelocity,1994,Action
587,HourofthePig,1993,Fantasy,Romance
588,BeautyandtheBeast,1991,Animation,Children
589,WildBunch,1969,
590,HellraiserBloodline,1996,Action,Horror
591,PrimalFear,1996,Drama,Thriller
592,TrueCrime,1995,Mystery,Thriller
593,Stalingrad,1993,war
594,Heavy,1996,Drama,Romance
595,Fan,1996,war
596,HunchbackofNotreDame,1996,Children,Comedy
597,Eraser,1996,Action,Thriller
598,BigSqueeze,1996,Crime,Fantasy
599,PoliceStory4ProjectS,1996,Action
600,DanielDefoesRobinsonCrusoe,1996,Children
601,ForWhomtheBellTolls,1943,Adventure,war
602,AmericaninParis,1951,Mystery,SciFi
603,RearWindow,1954,Mystery,Thriller
604,ItHappenedOneNight,1934,Comedy
605,MeetMeinStLouis,1944,Musical
606,AllAboutEve,1950,Drama
607,Rebecca,1940,Romance,Thriller
608,Spellbound,1945,Mystery,Romance
609,FatheroftheBride,1950,Comedy
610,Gigi,1958,Musical
611,Laura,1944,Crime,FilmNoir
612,LostHorizon,1937,Drama
613,MyManGodfrey,1936,Comedy
614,Giant,1956,Drama
615,39Steps,1935,war
616,NightoftheLivingDead,1968,Horror,SciFi
617,BlueAngel,,FilmNoir
618,Picnic,1955,Drama
619,ExtremeMeasures,1996,Drama,Thriller
620,Chamber,1996,Fantasy
621,DavyCrockett,1955,
622,SwissFamilyRobinson,1960,Adventure,Children
623,AngelsintheOutfield,1994,Children,Comedy
624,ThreeCaballeros,1945,Children,Comedy
625,SwordintheStone,1963,Children,Comedy
626,SoDeartoMyHeart,1949,Children,Drama
627,RobinHoodPrinceofThieves,1991,Drama
628,Sleepers,1996,Crime,Drama
629,VictorVictoria,1982,Comedy,Musical
630,GreatRace,1965,Crime,Mystery
631,CryingGame,1992,Adventure,Fantasy
632,SophiesChoice,1982,Drama
633,ChristmasCarol,1938,Fantasy
634,MicrocosmosLepeupledelherbe,1996,Documentary
635,Fog,1980,Musical
636,EscapefromNewYork,1981,Action,Adventure
637,Howling,1981,Crime,Musical
638,ReturnofMartinGuerre,,FilmNoir
639,TinDrum,,FilmNoir
640,CooktheThiefHisWifeHerLover,1989,Fantasy
641,PathsofGlory,1957,Drama,war
642,Grifters,1990,Documentary,Fantasy
643,TheInnocent,1994,Drama,Romance
644,ThinBlueLine,1988,Drama
645,ParisIsBurning,1990,Documentary
646,OnceUponaTimeintheWest,1969,Western
647,Ran,1985,Drama,war
648,QuietMan,1952,Crime,SciFi
649,OnceUponaTimeinAmerica,1984,Crime,Drama
650,SeventhSeal,,FilmNoir
651,Glory,1989,Action,Drama
652,RosencrantzandGuildensternAreDead,1990,Comedy,Drama
653,TouchofEvil,1958,Crime,FilmNoir
654,Chinatown,1974,FilmNoir,Mystery
655,StandbyMe,1986,Adventure,Comedy
656,M,1931,Crime,FilmNoir
657,ManchurianCandidate,1962,Horror,war
658,PumpUptheVolume,1990,Drama
659,ArsenicandOldLace,1944,Comedy,Mystery
660,FriedGreenTomatoes,1991,Drama
661,HighNoon,1952,Western
662,SomewhereinTime,1980,Drama,Romance
663,BeingThere,1979,Comedy
664,Paris,1984,Fantasy
665,Alien3,1992,Action,Horror
666,BloodForDracula,1974,Horror
667,AudreyRose,1977,Horror
668,BloodBeach,1981,Action,Horror
669,BodyParts,1991,Horror
670,BodySnatchers,1993,Horror,SciFi
671,BrideofFrankenstein,1935,Horror
672,Candyman,1992,Horror
673,CapeFear,1962,FilmNoir,Thriller
674,CatPeople,1982,Horror
675,NosferatuNosferatu,1922,Musical
676,Crucible,1996,Fantasy
677,FireontheMountain,1997,Documentary
678,Volcano,1997,Drama,Thriller
679,ConantheBarbarian,1981,Action,Adventure
680,KulltheConqueror,1997,Action,Adventure
681,Wishmaster,1997,Horror
682,IKnowWhatYouDidLastSummer,1997,Horror,Mystery
683,RocketMan,1997,Comedy
684,IntheLineofFire,1993,Action,Thriller
685,ExecutiveDecision,1996,Action,Thriller
686,PerfectWorld,1993,Adventure,Fantasy
687,McHalesNavy,1997,Comedy,war
688,LeaveIttoBeaver,1997,Comedy
689,Jackal,1997,Adventure,war
690,SevenYearsinTibet,1997,Drama,war
691,DarkCity,1998,FilmNoir,SciFi
692,AmericanPresident,1995,Crime,Fantasy
693,Casino,1995,Drama
694,Persuasion,1995,Romance
695,KickingandScreaming,1995,Comedy,Drama
696,CityHall,1996,Drama,Thriller
697,BasketballDiaries,1995,Fantasy
698,BrowningVersion,1994,Fantasy
699,LittleWomen,1994,Drama
700,MiamiRhapsody,1995,Comedy
701,Wonderful,,Fantasy
702,Barcelona,1994,Comedy,Romance
703,WidowsPeak,1994,Drama
704,HouseoftheSpirits,1993,Fantasy,SciFi
705,SinginintheRain,1952,Musical,Romance
706,BadMoon,1996,Horror
707,EnchantedApril,1991,Drama
708,Sex,,FilmNoir
709,StrictlyBallroom,1992,Comedy,Romance
710,BetterOffDead,1985,Comedy
711,SubstanceofFire,1996,Fantasy
712,TinMen,1987,Comedy,Drama
713,Othello,1995,Drama
714,Carrington,1995,Drama,Romance
715,ToDieFor,1995,Comedy,Drama
716,HomefortheHolidays,1995,Drama,Romance
717,Juror,1996,Fantasy,war
718,IntheBleakMidwinter,1996,Comedy
719,CanadianBacon,1994,Comedy,war
720,FirstKnight,1995,Action,Adventure
721,Mallrats,1995,Comedy
722,NineMonths,1995,Comedy
723,BoysontheSide,1995,Comedy,Drama
724,CircleofFriends,1995,Drama,Romance
725,ExittoEden,1994,Comedy
726,Fluke,1995,Children,Drama
727,ImmortalBeloved,1994,Drama,Romance
728,Junior,1994,Comedy,SciFi
729,Nell,1994,Drama
730,QueenMargotReineMargot,1994,Fantasy,SciFi
731,Corrina,1994,Crime,Fantasy
732,Dave,1993,Comedy,Romance
733,GoFish,1994,Drama,Romance
734,MadeinAmerica,1993,Comedy
735,Philadelphia,1993,Drama
736,Shadowlands,1993,Drama,Romance
737,Sirens,1994,Comedy,Drama
738,Threesome,1994,Comedy,Romance
739,PrettyWoman,1990,Comedy,Romance
740,JaneEyre,1996,Drama,Romance
741,LastSupper,1995,Fantasy,war
742,Ransom,1996,Drama,Thriller
743,CrowCityofAngels,1996,Adventure,war
744,MichaelCollins,1996,Drama,war
745,RulingClass,1972,Crime
746,RealGenius,1985,Comedy
747,BennyJoon,1993,Comedy,Romance
748,Saint,1997,Adventure,SciFi
749,MatchMaker,1997,Crime,SciFi
750,Amistad,1997,Drama
751,TomorrowNeverDies,1997,Action,Romance
752,ReplacementKillers,1998,Adventure,war
753,BurntBytheSun,1994,Drama
754,RedCorner,1997,Crime,Thriller
755,Jumanji,1995,Action,Adventure
756,FatheroftheBridePartII,1995,Comedy
757,AcrosstheSeaofTime,1995,Documentary
758,LawnmowerMan2BeyondCyberspace,1996,SciFi,Thriller
759,FairGame,1995,Action
760,Screamers,1995,SciFi
761,NickofTime,1995,Action,Thriller
762,BeautifulGirls,1996,Drama
763,HappyGilmore,1996,Comedy
764,IfLucyFell,1996,Comedy,Romance
765,Boomerang,1992,Comedy,Romance
766,ManoftheYear,1996,Documentary
767,Addiction,1995,Musical
768,Casper,1995,Adventure,Children
769,Congo,1995,Action,Adventure
770,DevilinaBlueDress,1995,Crime,FilmNoir
771,JohnnyMnemonic,1995,Action,SciFi
772,Kids,1995,Drama
773,MuteWitness,1994,Thriller
774,Prophecy,1995,Musical
775,SomethingtoTalkAbout,1995,Comedy,Drama
776,ThreeWishes,1995,Drama
777,CastleFreak,1995,Horror
778,DonJuanDeMarco,1995,Comedy,Drama
779,DropZone,1994,Action
780,DumbDumber,1994,Comedy
781,FrenchKiss,1995,Comedy,Romance
782,LittleOdessa,1994,Drama
783,MilkMoney,1994,Comedy,Romance
784,BeyondBedlam,1993,Drama,Horror
785,OnlyYou,1994,Comedy,Romance
786,PerezFamily,1995,Crime,SciFi
787,Roommates,1995,Comedy,Drama
788,RelativeFear,1994,Horror,Thriller
789,SwimmingwithSharks,1995,Comedy,Drama
790,TommyBoy,1995,Comedy
791,BabySittersClub,1995,Comedy
792,BulletsOverBroadway,1994,Comedy
793,Crooklyn,1994,Comedy
794,ItCouldHappentoYou,1994,Drama,Romance
795,RichieRich,1994,Children,Comedy
796,Speechless,1994,Comedy,Romance
797,Timecop,1994,Action,SciFi
798,BadCompany,1995,Action
799,BoysLife,1995,Drama
800,IntheMouthofMadness,1995,Horror,Thriller
801,AirUpThere,1994,Crime
802,HardTarget,1993,Action,Adventure
803,HeavenEarth,1993,Action,Drama
804,JimmyHollywood,1994,Comedy
805,ManhattanMurderMystery,1993,Comedy,Mystery
806,MenaceIISociety,1993,Action,Crime
807,PoeticJustice,1993,Drama
808,Program,1993,Adventure,Fantasy
809,RisingSun,1993,Action,Drama
810,Shadow,1994,Adventure
811,ThirtyTwoShortFilmsAboutGlennGould,1993,Documentary
812,Andre,1994,Adventure,Children
813,CelluloidCloset,1995,Drama
814,GreatDayinHarlem,1994,Drama
815,OneFineDay,1996,Drama,Romance
816,CandymanFarewelltotheFlesh,1995,Horror
817,Frisk,1996,Drama
818,Girl6,1996,Comedy
819,Eddie,1996,Comedy
820,SpaceJam,1996,Adventure,Animation
821,MrsWinterbourne,1996,Comedy,Romance
822,Faces,1968,Drama
823,MulhollandFalls,1996,Crime,FilmNoir
824,GreatWhiteHype,1996,Crime
825,Arrival,1996,Adventure,Thriller
826,Phantom,1996,Animation
827,Daylight,1996,Action,Adventure
828,Alaska,1996,Adventure,Children
829,Fled,1996,Action,Adventure
830,Power98,1996,Action,Mystery
831,EscapefromLA,1996,Action,Adventure
832,Bogus,1996,Children,Drama
833,Bulletproof,1996,Action
834,HalloweenTheCurseofMichaelMyers,1995,Horror,Thriller
835,GayDivorcee,1934,Crime,Mystery
836,Ninotchka,1939,Comedy,Romance
837,MeetJohnDoe,1941,Drama
838,IntheLineofDuty2,1996,Action
839,LochNess,1995,Horror,Thriller
840,LastManStanding,1996,Action,Drama
841,GlimmerMan,1996,Adventure,war
842,Pollyanna,1960,Children,Comedy
843,ShaggyDog,1959,Comedy,Crime
844,Freeway,1996,Crime
845,ThatThingYouDo,1996,Comedy
846,ToGillianonHer37thBirthday,1996,Drama,Romance
847,LookingforRichard,1996,Documentary,Drama
848,Murder,1944,Horror,war
849,DaysofThunder,1990,Action,Romance
850,PerfectCandidate,1996,Drama
851,TwoorThreeThingsIKnowAboutHer,1966,Drama
852,BloodyChild,1996,Fantasy,war
853,Braindead,1992,Comedy,Horror
854,BadTaste,1987,Comedy,Horror
855,Diva,1981,Action,Drama
856,NightonEarth,1991,Comedy,Drama
857,ParisWasaWoman,1996,Documentary
858,AmityvilleDollhouse,1996,Horror
859,AprilFoolsDay,1986,Comedy,Horror
860,Believers,1987,Musical,war
861,NosferatuaVenezia,1986,Horror
862,JingleAlltheWay,1996,Adventure,Children
863,GardenofFinziContini,,FilmNoir
864,MyFellowAmericans,1996,Comedy
865,IceStorm,1997,Fantasy
866,Michael,1996,Comedy,Romance
867,WholeWideWorld,1996,Fantasy
868,HeartsandMinds,1997,Drama
869,FoolsRushIn,1997,Comedy,Romance
870,Touch,1997,Romance
871,VegasVacation,1997,Comedy
872,LoveJones,1997,Romance
873,PicturePerfect,1997,Comedy,Romance
874,CareerGirls,1997,Drama
875,ShesSoLovely,1997,Drama,Romance
876,MoneyTalks,1997,Action,Comedy
877,ExcessBaggage,1997,Adventure,Romance
878,ThatDarnCat,1997,Children,Comedy
879,Peacemaker,1997,Adventure,war
880,SoulFood,1997,Drama
881,MoneyTalks,1997,Action,Comedy
882,WashingtonSquare,1997,Drama
883,TellingLiesinAmerica,1997,Drama
884,YearoftheHorse,1997,Documentary
885,Phantoms,1998,Horror
886,LifeLessOrdinary,1997,SciFi,war
887,EvesBayou,1997,Drama
888,OneNightStand,1997,Drama
889,TangoLesson,1997,SciFi
890,MortalKombatAnnihilation,1997,Action,Adventure
891,Bent,1997,Drama,war
892,Flubber,1997,Children,Comedy
893,ForRicherorPoorer,1997,Comedy
894,HomeAlone3,1997,Children,Comedy
895,Scream2,1997,Horror,Thriller
896,SweetHereafter,1997,Fantasy
897,TimeTracers,1995,Action,Adventure
898,Postman,1997,Fantasy
899,WinterGuest,1997,Fantasy
900,Kundun,1997,Drama
901,MrMagoo,1997,Comedy
902,BigLebowski,1998,Crime,Documentary
903,Afterglow,1997,Drama,Romance
904,Mavieenrose,1997,Comedy,Drama
905,GreatExpectations,1998,Drama,Romance
906,OscarLucinda,1997,Drama,Romance
907,Vermin,1997,Comedy
908,HalfBaked,1998,Comedy
909,DangerousBeauty,1998,Drama
910,NilByMouth,1998,Drama
911,Twilight,1998,Crime,Drama
912,USMarshalls,1998,Action,Thriller
913,LoveandDeathonLongIsland,1998,Comedy
914,WildThings,1998,Crime,Drama
915,PrimaryColors,1998,Drama
916,LostinSpace,1998,Action,SciFi
917,MercuryRising,1998,Action,Drama
918,CityofAngels,1998,Romance
919,CityofLostChildren,1995,Animation,Thriller
920,TwoBits,1995,Drama
921,FarewellMyConcubine,1993,Drama,Romance
922,DeadMan,1996,Western
923,RaisetheRedLantern,1991,Drama
924,WhiteSquall,1996,Adventure,Drama
925,Unforgettable,1996,SciFi,Thriller
926,DownPeriscope,1996,Comedy
927,FlowerofMySecret,,FilmNoir
928,Craft,1996,Fantasy,Musical
929,HarriettheSpy,1996,Children,Comedy
930,ChainReaction,1996,Action,Adventure
931,IslandofDrMoreau,1996,Thriller,war
932,FirstKid,1996,Children,Comedy
933,Funeral,1996,Fantasy
934,PreachersWife,1996,Fantasy
935,ParadiseRoad,1997,Drama,war
936,BrassedOff,1997,Comedy,Drama
937,ThousandAcres,1997,Fantasy
938,SmileLikeYours,1997,Crime,SciFi
939,MurderintheFirst,1995,Drama,Thriller
940,Airheads,1994,Comedy
941,WithHonors,1994,Comedy,Drama
942,WhatsLoveGottoDowithIt,1993,Drama
943,KillingZoe,1994,Thriller
944,RenaissanceMan,1994,Comedy,Drama
945,Charade,1963,Comedy,Mystery
946,FoxandtheHound,1981,Children,Comedy
947,BigBlue,,Children,Thriller
948,BootyCall,1997,Comedy,Romance
949,HowtoMakeanAmericanQuilt,1995,Drama,Romance
950,Georgia,1995,Drama
951,IndianintheCupboard,1995,Animation,Comedy
952,BlueintheFace,1995,Comedy
953,UnstrungHeroes,1995,Comedy,Drama
954,Unzipped,1995,Documentary
955,BeforeSunrise,1995,Drama,Romance
956,NobodysFool,1994,Drama
957,PushingHands,1992,Comedy
958,ToLive,1994,Drama
959,DazedandConfused,1993,Comedy
960,Naked,1993,Drama
961,Orlando,1993,Drama
962,RubyinParadise,1993,Drama
963,SomeFolksCallItaSlingBlade,1993,Drama,Thriller
964,MonthbytheLake,1995,Crime,Fantasy
965,FunnyFace,1957,Comedy,Musical
966,AffairtoRemember,1957,SciFi
967,LittleLordFauntleroy,1936,Drama
968,InspectorGeneral,1949,Mystery
969,WinniethePoohandtheBlusteryDay,1968,Animation,Children
970,HearMySong,1991,Comedy
971,Mediterraneo,1991,Comedy,war
972,PassionFish,1992,Drama
973,GratefulDead,1996,Documentary
974,EyeforanEye,1996,Drama,Thriller
975,Fear,1996,Thriller
976,Solo,1996,Action,SciFi
977,Substitute,1996,Adventure
978,HeavensPrisoners,1996,Mystery,Thriller
979,TriggerEffect,1996,Fantasy,war
980,MotherNight,1996,Drama
981,DangerousGround,1996,Drama
982,MaximumRisk,1996,Action,Adventure
983,RichMansWife,1996,war
984,ShadowConspiracy,1997,Thriller
985,BloodWine,1996,Drama
986,Turbulence,1997,Thriller
987,Underworld,1997,Thriller
988,BeauticianandtheBeast,1997,Crime,SciFi
989,CatsDontDance,1997,Animation,Children
990,AnnaKarenina,1997,Drama,Romance
991,KeystoTulsa,1997,Crime
992,HeadAboveWater,1997,Comedy,Thriller
993,Hercules,1997,Adventure,Animation
994,LastTimeICommittedSuicide,1997,Fantasy
995,KissMe,1997,Crime
996,BigGreen,1995,Comedy,Crime
997,StuartSavesHisFamily,1995,Comedy
998,CabinBoy,1994,Comedy
999,CleanSlate,1994,Comedy
1000,LightningJack,1994,Comedy,Western
1001,Stupids,1996,Crime
1002,Pest,1997,Crime
1003,ThatDarnCat,1997,Children,Comedy
1004,GeronimoAnAmericanLegend,1993,Drama,Western
1005,DoubleviedeVronique,,FilmNoir
1006,UntiltheEndoftheWorld,1991,Drama,SciFi
1007,WaitingforGuffman,1997,Comedy
1008,IShotAndyWarhol,1996,Drama
1009,StealingBeauty,1996,Drama
1010,Basquiat,1996,Drama
1011,2DaysintheValley,1996,Crime
1012,PrivateParts,1997,Comedy,Drama
1013,Anaconda,1997,Action,Adventure
1014,RomyandMichelesHighSchoolReunion,1997,Comedy
1015,Shiloh,1997,Children,Drama
1016,ConAir,1997,Action,Adventure
1017,TreesLounge,1996,Drama
1018,TieMeUpTieMeDown,1990,Drama
1019,DiexueshuangxiongKiller,1989,Adventure,war
1020,Gaslight,1944,Mystery,Thriller
1021,812,1963,Drama
1022,Fast,1997,Drama
1023,FathersDay,1997,Comedy
1024,MrsDalloway,1997,Romance
1025,FireDownBelow,1997,Action,Drama
1026,LayoftheLand,1997,Crime,Fantasy
1027,Shooter,1995,Adventure
1028,GrumpierOldMen,1995,Comedy,Romance
1029,JuryDuty,1995,Comedy
1030,BeverlyHillbillies,1993,Crime
1031,Lassie,1994,Adventure,Children
1032,LittleBigLeague,1994,Children,Comedy
1033,HomewardBoundIILostinSanFrancisco,1996,Adventure,Children
1034,Quest,1996,Adventure,Animation
1035,CoolRunnings,1993,Comedy
1036,DropDeadFred,1991,Comedy,Fantasy
1037,Grease2,1982,Comedy,Musical
1038,Switchback,1997,Thriller
1039,Hamlet,1997,Drama
1040,TwoifbySea,1996,Comedy,Romance
1041,ForgetParis,1995,Comedy,Romance
1042,JustCause,1995,Mystery,Thriller
1043,RentaKid,1995,Comedy
1044,Paper,1994,Crime,Fantasy
1045,Fearless,1993,Drama
1046,Malice,1993,Thriller
1047,Multiplicity,1996,Comedy
1048,ShestheOne,1996,Comedy,Romance
1049,HouseArrest,1996,Comedy
1050,GhostandMrsMuir,1947,Fantasy,SciFi
1051,Associate,1996,Crime
1052,DraculaDeadandLovingIt,1995,Comedy,Horror
1053,NowandThen,1995,Drama
1054,MrWrong,1996,Comedy
1055,SimpleTwistofFate,1994,Fantasy
1056,Cronos,1992,Horror
1057,Pallbearer,1996,Crime
1058,War,1994,Animation,Fantasy
1059,DontBeaMenacetoSouthCentralWhileDrinkingYourJuiceintheHood,1996,Comedy
1060,AdventuresofPinocchio,1996,Animation,Comedy
1061,EveningStar,1996,Crime,Fantasy
1062,FourDaysinSeptember,1998,Drama
1063,LittlePrincess,1995,Comedy,Fantasy
1064,Crossfire,1947,Crime,FilmNoir
1065,Koyaanisqatsi,1983,Documentary,war
1066,Balto,1995,Animation,Children
1067,BottleRocket,1996,Comedy
1068,StarMaker,,FilmNoir
1069,Amateur,1994,Crime,Drama
1070,LivinginOblivion,1995,Comedy
1071,PartyGirl,1995,Comedy
1072,PyromaniacsLoveStory,1995,Crime,SciFi
1073,ShallowGrave,1994,Thriller
1074,RealityBites,1994,Comedy,Drama
1075,ManofNoImportance,1994,Fantasy
1076,Pagemaster,1994,Adventure,Animation
1077,Loveanda45,1994,Thriller
1078,OliverCompany,1988,Animation,Children
1079,JoesApartment,1996,Comedy,Musical
1080,CelestialClockwork,1996,Comedy
1081,Curdled,1996,Crime
1082,FemalePerversions,1997,Drama
1083,AlbinoAlligator,1997,Crime,Thriller
1084,AnneFrankRemembered,1996,Documentary
1085,CarriedAway,1996,Drama,Romance
1086,ItsMyParty,1996,Drama
1087,Bloodsport2,1996,Action
1088,DoubleTeam,1997,Action
1089,Speed2CruiseControl,1997,Action,Romance
1090,Sliver,1993,Thriller
1091,PetesDragon,1977,Adventure,Animation
1092,DearGod,1996,Comedy
1093,LiveNudeGirls,1996,Comedy
1094,ThinLineBetweenLoveandHate,1996,Crime
1095,HighSchoolHigh,1996,Comedy
1096,Commandments,1997,Romance
1097,HateHaine,1995,Fantasy
1098,FlirtingWithDisaster,1996,Comedy
1099,RedFirecracker,1994,Fantasy
1100,WhatHappenedWas,1994,Comedy,Drama
1101,SixDegreesofSeparation,1993,Drama,Mystery
1102,TwoMuch,1996,Comedy,Romance
1103,Trust,1990,Comedy,Drama
1104,Cestarrivprsdechezvous,1992,Comedy,Crime
1105,Firestorm,1998,Action,Adventure
1106,NewtonBoys,1998,Documentary,Fantasy
1107,BeyondRangoon,1995,Drama
1108,FeastofJuly,1995,Drama
1109,DeathandtheMaiden,1994,Drama,Thriller
1110,TankGirl,1995,Action,Comedy
1111,DoubleHappiness,1996,Drama
1112,Cobb,1994,Drama
1113,MrsParkerandtheViciousCircle,1994,Drama
1114,Faithful,1996,Comedy
1115,TwelfthNight,1996,Comedy,Drama
1116,MarkofZorro,1940,Animation
1117,SurvivingPicasso,1996,Drama
1118,UpinSmoke,1978,Comedy
1119,SomeKindofWonderful,1987,Drama,Romance
1120,ImNotRappaport,1996,Comedy
1121,UmbrellasofCherbourg,,FilmNoir,Romance
1122,TheyMadeMeaCriminal,1939,Crime,Drama
1123,LastTimeISawParis,1954,Fantasy
1124,FarewelltoArms,1932,SciFi,Western
1125,Innocents,1961,war
1126,OldManandtheSea,1958,Animation,Fantasy
1127,TrumanShow,1998,Fantasy
1128,HeidiFleissHollywoodMadam,1996,Documentary
1129,ChungkingExpress,1996,Drama,Mystery
1130,JupitersWife,1996,Documentary
1131,Safe,1995,Thriller
1132,FeelingMinnesota,1996,Drama,Romance
1133,EscapetoWitchMountain,1975,Adventure,Children
1134,GetontheBus,1996,Drama
1135,Doors,1991,Fantasy,Mystery
1136,GhostsofMississippi,1996,Drama
1137,BeautifulThing,1996,Drama,Romance
1138,BestMen,1997,Action,Comedy
1139,Hackers,1995,Action,Crime
1140,RoadtoWellville,1994,Crime
1141,WarRoom,1993,Drama
1142,WhenWeWereKings,1997,Documentary
1143,HardEight,1997,Crime,Thriller
1144,QuietRoom,1996,Fantasy
1145,BlueChips,1994,Drama
1146,CalendarGirl,1993,Drama
1147,MyFamily,1995,Drama
1148,TomViv,1994,Drama
1149,Walkabout,1971,Drama
1150,LastDance,1996,Drama
1151,OriginalGangstas,1996,Crime
1152,InLoveandWar,1997,Romance,war
1153,Backbeat,1993,Drama,Musical
1154,Alphaville,1965,SciFi
1155,RendezvousinParisRendezvousdeParis,1995,Crime,SciFi
1156,Cyclo,1996,Crime,Drama
1157,Relic,1997,Musical
1158,Filleseule,1995,Fantasy
1159,Stalker,1979,Mystery,SciFi
1160,LoveValourCompassion,1997,Drama,Romance
1161,Palookaville,1996,Action,Drama
1162,PhatBeach,1996,Comedy
1163,PortraitofaLady,1996,Fantasy
1164,ZeusandRoxanne,1997,Children
1165,BigBully,1996,Comedy,Drama
1166,LoveHumanRemains,1993,Comedy
1167,SumofUs,1994,Crime
1168,LittleBuddha,1993,Drama
1169,Fresh,1994,Drama
1170,SpankingtheMonkey,1994,Comedy,Drama
1171,WildReeds,1994,Drama
1172,Women,1939,Crime
1173,Bliss,1997,Drama,Romance
1174,Caught,1996,Drama,Thriller
1175,HugoPool,1997,Romance
1176,WelcomeToSarajevo,1997,Drama,war
1177,DunstonChecksIn,1996,Comedy
1178,MajorPayne,1994,Comedy
1179,ManoftheHouse,1995,Comedy
1180,ILoveTrouble,1994,Action,Comedy
1181,LowDownDirtyShame,1994,Adventure,Crime
1182,CopsandRobbersons,1994,Comedy
1183,CowboyWay,1994,Adventure,Crime
1184,EndlessSummer2,1994,Drama
1185,IntheArmyNow,1994,Comedy,war
1186,Inkwell,1994,Crime,Fantasy
1187,SwitchbladeSisters,1975,Crime
1188,YoungGunsII,1990,Action,Comedy
1189,Prefontaine,1997,Drama
1190,ThatOldFeeling,1997,Comedy,Romance
1191,LetterFromDeathRow,1998,Documentary,Fantasy
1192,BoysofStVincent,1993,Fantasy
1193,BeforetheRain,1994,Drama
1194,OnceWereWarriors,1994,Crime,Drama
1195,StrawberryandChocolate,1993,Drama
1196,SavageNightsNuitsfauves,1992,Fantasy
1197,FamilyThing,1996,Crime,Fantasy
1198,PurpleNoon,1960,Crime,Thriller
1199,CemeteryMan,1996,Comedy,Horror
1200,Kim,1950,Children,Drama
1201,MarleneDietrichShadowandLight,1996,Documentary
1202,Maybe,,Documentary
1203,TopHat,1935,Comedy,Musical
1204,ToBeorNottoBe,1942,Comedy,Drama
1205,SecretAgent,1996,Fantasy
1206,AmosAndrew,1993,Comedy
1207,Jade,1995,Thriller
1208,KissofDeath,1995,Crime,Drama
1209,MixedNuts,1994,Comedy
1210,Virtuosity,1995,SciFi,Thriller
1211,BlueSky,1994,Drama,Romance
1212,FleshandBone,1993,Drama,Mystery
1213,GuiltyasSin,1993,Crime,Drama
1214,IntheRealmoftheSenses,1976,Drama
1215,BarbWire,1996,Action,SciFi
1216,Kissed,1997,Romance
1217,Assassins,1995,Thriller
1218,Friday,1995,Comedy
1219,GoofyMovie,1995,Children,Comedy
1220,HigherLearning,1995,Drama
1221,WhenaManLovesaWoman,1994,Drama
1222,JudgmentNight,1993,Action
1223,KingoftheHill,1993,Drama
1224,Scout,1994,Fantasy
1225,Angus,1995,Comedy
1226,NightFallsonManhattan,1997,Crime,Drama
1227,AwfullyBigAdventure,1995,Fantasy
1228,UnderSiege2DarkTerritory,1995,Action
1229,PoisonIvyII,1995,Drama,Thriller
1230,ReadytoWear,1994,Comedy
1231,MarkedforDeath,1990,Action,Drama
1232,MadonnaTruthorDare,1991,Documentary
1233,NnetteetBoni,1996,Drama
1234,ChairmanoftheBoard,1998,Comedy
1235,BigBangTheory,1994,Documentary
1236,OtherVoices,1997,Fantasy
1237,Twisted,1996,Comedy,Drama
1238,FullSpeed,1996,Drama
1239,CutthroatIsland,1995,Action,Adventure
1240,GhostintheShell,1996,Animation,SciFi
1241,Van,1996,Crime,Fantasy
1242,OldLadyWhoWalkedintheSea,,Documentary
1243,NightFlier,1998,Horror
1244,Metro,1997,Action
1245,Gridlockd,1997,Crime
1246,Bushwhacked,1995,Comedy
1247,BadGirls,1994,Western
1248,Blink,1994,Thriller
1249,ForLoveorMoney,1993,Comedy
1250,BestoftheBest3NoTurningBack,1995,Action
1251,AChefinLove,1997,Comedy
1252,ContemptMpris,1963,Fantasy
1253,TieThatBinds,1995,war
1254,GoneFishin,1997,Comedy
1255,BrokenEnglish,1997,Drama
1256,DesignatedMourner,1997,Fantasy
1257,DesignatedMourner,1997,Fantasy
1258,TrialandError,1997,Comedy,Romance
1259,PieintheSky,1996,Comedy,Romance
1260,TotalEclipse,1995,Drama
1261,RunoftheCountry,1995,Fantasy
1262,WalkingandTalking,1996,Romance
1263,Foxfire,1996,Drama
1264,NothingtoLose,1996,Drama
1265,StarMaps,1997,Drama
1266,BreadandChocolate,1973,Drama
1267,Clockers,1995,Drama
1268,BitterMoon,1992,Drama
1269,LoveintheAfternoon,1957,Comedy,Romance
1270,LifewithMikey,1993,Comedy
1271,North,1994,Comedy
1272,TalkingAboutSex,1994,Comedy,Drama
1273,ColorofNight,1994,Drama,Thriller
1274,Robocop3,1993,SciFi,Thriller
1275,Killer,1994,Thriller
1276,SunsetPark,1996,Drama
1277,SetItOff,1996,Action,Crime
1278,Selena,1997,Drama,Musical
1279,WildAmerica,1997,Adventure,Children
1280,GangRelated,1997,Crime
1281,MannyLo,1996,Drama
1282,GrassHarp,1995,Fantasy
1283,OuttoSea,1997,Comedy
1284,BeforeandAfter,1996,Drama,Mystery
1285,PrincessCaraboo,1994,Drama
1286,ShallWeDance,1937,Comedy,Musical
1287,Ed,1996,Comedy
1288,DeniseCallsUp,1996,Comedy
1289,JackandSarah,1996,Romance
1290,CountryLife,1994,Drama,Romance
1291,CelticPride,1996,Comedy
1292,SimpleWish,1997,Comedy,FilmNoir
1293,StarKid,1998,Adventure,Children
1294,AynRandASenseofLife,1998,Documentary
1295,KickedintheHead,1997,Comedy,Drama
1296,IndianSummer,1996,Comedy,Drama
1297,LoveAffair,1994,Drama,Romance
1298,BandWagon,1953,Crime,Mystery
1299,PennySerenade,1941,Drama,Romance
1300,TilThereWasYou,1997,Drama,Romance
1301,Stripes,1981,Comedy
1302,LateBloomers,1997,Comedy
1303,Getaway,1994,Adventure
1304,NewYorkCop,1996,Action,Crime
1305,NationalLampoonsSeniorTrip,1995,Comedy
1306,DeltaofVenus,1994,Drama
1307,CarmenMirandaBananasIsMyBusiness,1994,Documentary
1308,Babyfever,1994,Comedy,Drama
1309,VeryNaturalThing,1974,Fantasy
1310,WalkintheSun,1945,Fantasy
1311,WaitingtoExhale,1996,Comedy,Drama
1312,PompatusofLove,1996,Crime,Fantasy
1313,Palmetto,1998,FilmNoir,Mystery
1314,SurvivingtheGame,1994,Action,Adventure
1315,InventingtheAbbotts,1997,Drama,Romance
1316,HorseWhisperer,1998,Fantasy
1317,JourneyofAugustKing,1995,Fantasy
1318,Catwalk,1996,Documentary
1319,NeonBible,1995,Fantasy
1320,Homage,1996,Drama
1321,OpenSeason,1996,Comedy
1322,Metisse,1993,Comedy
1323,WoodenMansBride,1994,Fantasy
1324,Loaded,1996,Drama,Thriller
1325,August,1996,Drama
1326,Boys,1996,Drama
1327,Captives,1994,Drama
1328,OfLoveandShadows,1996,Drama
1329,LowLife,1994,Fantasy
1330,AnUnforgettableSummer,1994,Drama
1331,LastKlezmerLeopoldKozlowski,,Fantasy
1332,MyLifeandTimesWithAntoninArtaud,1993,Drama
1333,MidnightDancers,1994,Comedy,Drama
1334,SomebodytoLove,1996,Drama
1335,AmericanBuffalo,1996,Drama
1336,Kazaam,1996,Children,Comedy
1337,LargerThanLife,1996,Comedy
1338,TwoDeaths,1996,Drama
1339,StefanoQuantestorie,1993,Comedy,Drama
1340,CrudeOasis,1995,SciFi
1341,HeddWyn,1992,Drama
1342,Convent,,FilmNoir
1343,LottoLand,1995,Drama
1344,StoryofXinghua,1993,Fantasy
1345,DaytheSunTurnedCold,1994,Fantasy
1346,Dingo,1992,Drama
1347,BalladofNarayama,1958,Fantasy
1348,EveryOtherWeekend,1990,Drama
1349,Millebolleblu,1993,Comedy
1350,CrowsandSparrows,1949,Drama
1351,LoversKnot,1996,Comedy
1352,ShadowofAngels,1976,Drama
1353,1900,1994,Romance
1354,VeniceVenice,1992,Drama
1355,Infinity,1996,Drama
1356,EdsNextMove,1996,Comedy
1357,FortheMoment,1994,Romance,war
1358,TheDeadlyCure,1996,Action
1359,BoysinVenice,1996,Drama
1360,SexualLifeoftheBelgians,1994,Crime
1361,SearchforOneeyeJimmy,1996,Crime
1362,AmericanStrays,1996,Action
1363,LeopardSon,1996,Drama
1364,BirdofPrey,1996,Action
1365,Johnny100Pesos,1993,Action,Drama
1366,JLGJLGautoportraitdedcembre,1994,Documentary,Drama
1367,Faust,1994,Animation
1368,MinaTannenbaum,1994,Drama
1369,ForbiddenChrist,,FilmNoir
1370,ICantSleep,1994,Drama,Thriller
1371,Machine,1994,Crime,Musical
1372,Stranger,1994,Adventure
1373,GoodMorning,41971,unknown
1374,FallinginLoveAgain,1980,Comedy
1375,CementGarden,1993,Fantasy
1376,MeetWallySparks,1997,Comedy
1377,HoteldeLove,1997,Comedy,Romance
1378,RhymeReason,1997,Documentary
1379,LoveandOtherCatastrophes,1997,Romance
1380,HollowReed,1997,Drama
1381,LosingChase,1996,Drama
1382,Bonheur,1965,Fantasy
1383,SecondJungleBookMowgliBaloo,1997,Animation,Comedy
1384,Squeeze,1997,Drama
1385,RoseannasGrave,1997,Comedy,Romance
1386,TetsuoIIBodyHammer,1997,SciFi
1387,Fall,1997,Romance
1388,Gabbeh,1997,Drama
1389,Mondo,1997,Drama
1390,InnocentSleep,1995,Documentary
1391,ForEverMozart,1997,Drama
1392,Locusts,1997,Fantasy
1393,Stag,1997,Action,Thriller
1394,SweptfromtheSea,1997,Romance
1395,HurricaneStreets,1998,Drama
1396,Stonewall,1996,Drama
1397,OfHumanBondage,1934,Drama
1398,Anna,1996,Drama
1399,StrangerintheHouse,1997,Thriller
1400,PictureBride,1995,Drama,Romance
1401,MButterfly,1993,Drama
1402,Ciao,1993,Fantasy
1403,CaroDiario,1994,Comedy,Drama
1404,WithnailandI,1987,Comedy
1405,BoysLife2,1997,Drama
1406,WhenNightIsFalling,1995,Drama,Romance
1407,Specialist,1994,Adventure
1408,Gordy,1995,Comedy
1409,SwanPrincess,1994,Children,Comedy
1410,Harlem,1993,Drama
1411,Barbarella,1968,Adventure,SciFi
1412,LandBeforeTimeIIITheTimeoftheGreatGiving,1995,Animation,Children
1413,StreetFighter,1994,Action
1414,Coldblooded,1995,Action
1415,NextKarateKid,1994,Adventure,Comedy
1416,NoEscape,1994,Action,SciFi
1417,Turning,1992,Fantasy
1418,JoyLuckClub,1993,Fantasy
1419,HighlanderIIITheSorcerer,1994,Action,SciFi
1420,GilligansIslandTheMovie,1997,Comedy
1421,MyCrazyLife,1993,Drama
1422,Suture,1993,FilmNoir,Thriller
1423,WalkingDead,1995,Fantasy,Western
1424,ILikeItLikeThat,1994,Comedy,Drama
1425,IllDoAnything,1994,Comedy,Drama
1426,GraceofMyHeart,1996,Comedy,Drama
1427,Drunks,1996,Drama
1428,SubUrbia,1997,Comedy
1429,SlidingDoors,1998,Drama,Romance
1430,IllGottenGains,1997,Drama
1431,LegalDeceit,1997,Thriller
1432,Mighty,1998,Fantasy
1433,MenofMeans,1997,Action,Drama
1434,ShootingFish,1998,Romance
1435,StealBig,1995,Crime
1436,MrJones,1993,Drama,Romance
1437,HouseParty3,1994,Comedy
1438,Panther,1995,Drama
1439,JasonsLyric,1994,Crime,Drama
1440,AbovetheRim,1994,Drama
1441,MoonlightandValentino,1995,Drama,Romance
1442,ScarletLetter,1995,Fantasy
1443,8Seconds,1994,Drama
1444,ThatDarnCat,1965,Children,Comedy
1445,LadybirdLadybird,1994,Drama
1446,ByeBye,1995,Crime
1447,Century,1993,Drama
1448,MyFavoriteSeason,1996,Drama
1449,PatherPanchali,1996,Drama
1450,GoldenEarrings,1947,Adventure,Romance
1451,ForeignCorrespondent,1940,Thriller
1452,LadyofBurlesque,1943,Comedy,Mystery
1453,AngelonMyShoulder,1946,Crime,Drama
1454,AngelandtheBadman,1947,Western
1455,Outlaw,1943,
1456,BeattheDevil,1954,Comedy,Drama
1457,LoveIsAllThereIs,1996,Comedy,Drama
1458,DamselinDistress,1937,Crime,Mystery
1459,MadameButterfly,1996,Musical
1460,Sleepover,1996,Comedy,Drama
1461,HereComesCookie,1935,Comedy
1462,ThievesVoleurs,1996,Documentary,Fantasy
1463,Boys,1997,Crime
1464,StarsFellonHenrietta,1995,Fantasy
1465,LastSummerintheHamptons,1995,Comedy,Drama
1466,MargaretsMuseum,1995,Drama
1467,SaintofFortWashington,1993,Fantasy
1468,Cure,1995,Fantasy
1469,TomandHuck,1995,Adventure,Children
1470,GumbyTheMovie,1995,Animation,Children
1471,Hideaway,1995,Thriller
1472,Visitors,,Documentary,war
1473,LittlePrincess,1939,Comedy,Fantasy
1474,NinaTakesaLover,1994,Comedy,Romance
1475,BhajiontheBeach,1993,Comedy,Drama
1476,RawDeal,1948,FilmNoir
1477,Nightwatch,1997,Horror,Thriller
1478,DeadPresidents,1995,Action,Crime
1479,Reckless,1995,Comedy
1480,HerbieRidesAgain,1974,Adventure,Children
1481,SFW,1994,Drama
1482,GateofHeavenlyPeace,1995,Drama
1483,ManintheIronMask,1998,Adventure,Fantasy
1484,JerkyBoys,1994,Adventure,Crime
1485,ColonelChabert,1994,Fantasy,SciFi
1486,GirlintheCadillac,1995,Drama
1487,EvenCowgirlsGettheBlues,1993,Comedy,Romance
1488,Germinal,1993,Drama
1489,Chasers,1994,Comedy
1490,Fausto,1993,Comedy
1491,ToughandDeadly,1995,Action,Drama
1492,WindowtoParis,1994,Comedy
1493,ModernAffair,1995,SciFi
1494,Mostro,1994,Crime
1495,Flirt,1996,Drama
1496,Carpool,1996,Comedy,Crime
1497,LineKingAlHirschfeld,1996,Drama
1498,FarmerChase,1997,Comedy
1499,GrosseFatigue,1994,Comedy
1500,SantawithMuscles,1996,Comedy
1501,PrisoneroftheMountains,1997,war
1502,NakedinNewYork,1994,Comedy,Romance
1503,GoldDiggersTheSecretofBearMountain,1995,Adventure,Children
1504,BewegteMann,1994,Crime
1505,KillerAJournalofMurder,1996,Crime,Drama
1506,NellyMonsieurArnaud,1996,Drama
1507,ThreeLivesandOnlyOneDeath,1996,Comedy
1508,Babysitter,1995,Fantasy,war
1509,GettingEvenwithDad,1994,Comedy
1510,MadDogTime,1996,Crime
1511,ChildrenoftheRevolution,1997,Comedy
1512,WorldofApu,1959,Fantasy
1513,Sprung,1997,Comedy
1514,DreamWiththeFishes,1997,Drama
1515,WingsofCourage,1995,Adventure,Romance
1516,WeddingGift,1994,Fantasy
1517,RacetheSun,1996,Drama
1518,LosingIsaiah,1995,Drama
1519,NewJerseyDrive,1995,Crime,Drama
1520,Fear,1995,Musical
1521,MrWonderful,1993,Comedy,Romance
1522,TrialbyJury,1994,Thriller
1523,GoodManinAfrica,1994,Adventure,Animation
1524,KasparHauser,1996,Drama
1525,ObjectofMyAffection,1998,Crime,SciFi
1526,Witness,1985,Drama,Romance
1527,Senseless,1998,Comedy
1528,Nowhere,1997,Drama
1529,Underground,1996,war
1530,JeffersoninParis,1995,Drama
1531,FarFromHomeTheAdventuresofYellowDog,1995,Adventure,Children
1532,ForeignStudent,1994,Drama
1533,IDontWanttoTalkAboutIt,1993,Drama
1534,TwinTown,1997,Comedy,Crime
1535,Enfer,1994,Fantasy
1536,Aiqingwansui,1996,Drama
1537,Cosi,1997,Comedy
1538,AllOverMe,1997,Drama
1539,BeingHuman,1993,Drama
1540,AmazingPandaAdventure,1995,Animation,Comedy
1541,BeansofEgypt,,FilmNoir
1542,ScarletLetter,1926,Fantasy
1543,Johns,1996,Drama
1544,ItTakesTwo,1995,Comedy
1545,FrankieStarlight,1995,Drama,Romance
1546,Shadows,1988,Drama
1547,Show,1995,Drama
1548,TheCourtyard,1995,Action,Thriller
1549,DreamMan,1995,Thriller
1550,DestinyTurnsontheRadio,1995,Comedy
1551,GlassShield,1994,Fantasy
1552,Hunted,1995,Adventure
1553,Underneath,1995,Romance,war
1554,SafePassage,1994,Drama
1555,SecretAdventuresofTomThumb,1993,Animation,Comedy
1556,ConditionRed,1995,Action,Drama
1557,YankeeZulu,1996,Comedy,Drama
1558,Aparajito,1996,Drama
1559,HostileIntentions,1994,Action,Drama
1560,CleanSlate,1981,Crime
1561,TigreroAFilmThatWasNeverMade,1994,Documentary,Drama
1562,EyeofVichy,,Fantasy
1563,Promise,,Thriller
1564,ToCrosstheRubicon,1991,Drama
1565,Daens,1992,Drama
1566,ManfromDownUnder,1943,Fantasy
1567,Careful,1992,Comedy
1568,VermontIsForLovers,1992,Comedy,Romance
1569,Vieestbelle,1987,Crime,Fantasy
1570,QuartierMozart,1992,Comedy
1571,ToukiBouki,1973,Drama
1572,WendKuuni,1982,Drama
1573,SpiritsoftheDead,1968,Horror
1574,PharaohsArmy,1995,war
1575,I,,FilmNoir
1576,HungarianFairyTale,1987,FilmNoir
1577,DeathintheGardenMortencejardin,1956,Fantasy
1578,Collectionneuse,1967,Fantasy
1579,BatonRouge,1988,Thriller
1580,Liebelei,1933,Romance
1581,WomaninQuestion,1950,Romance
1582,TMen,1947,FilmNoir
1583,Invitation,1986,Fantasy
1584,Symphoniepastorale,1946,Fantasy
1585,AmericanDream,1990,Documentary
1586,Lashoushentan,1992,Action,Crime
1587,TerrorinaTexasTown,1958,Western
1588,Salutcousin,1997,Comedy,Drama
1589,Schizopolis,1997,Comedy
1590,ToHave,1995,Fantasy
1591,Duoluotianshi,1998,Drama
1592,MagicHour,1998,Fantasy
1593,DeathinBrunswick,1996,Comedy
1594,Everest,1998,Documentary
1595,Shopping,1996,Action,Thriller
1596,Nemesis2Nebula,1995,Action,SciFi
1597,RomperStomper,1992,Action,Drama
1598,CityofIndustry,1997,Crime,Thriller
1599,SomeoneElsesAmerica,1996,Drama
1600,Guantanamera,1997,Comedy
1601,OfficeKiller,1997,Thriller
1602,PriceAboveRubies,1998,Fantasy
1603,Angela,1996,Drama
1604,HeWalkedbyNight,1948,Crime,FilmNoir
1605,LoveSerenade,1997,Comedy
1606,Deceiver,1997,Crime
1607,HurricaneStreets,1998,Drama
1608,Buddy,1997,Adventure,Children
1609,BAPS,1997,Comedy
1610,TruthorConsequences,1997,Adventure,Documentary
1611,IntimateRelations,1997,Comedy
1612,LeadingMan,1996,SciFi
1613,TokyoFist,1998,Action,Drama
1614,ReluctantDebutante,1958,Crime,Fantasy
1615,WarriorsofVirtue,1997,Action,Adventure
1616,DesertWinds,1995,Drama
1617,HugoPool,1997,Romance
1618,KingofNewYork,1990,Action,Crime
1619,AllThingsFair,1996,Drama
1620,SixthMan,1997,Crime
1621,ButterflyKiss,1996,Thriller
1622,Paris,1993,Crime
1623,Crmonie,1995,Fantasy
1624,Hush,1998,Thriller
1625,Nightwatch,1997,Horror,Thriller
1626,NobodyLovesMe,1996,Comedy,Drama
1627,Wife,1995,Crime,Fantasy
1628,Lamerica,1994,Drama
1629,NicoIcon,1995,Documentary
1630,SilenceofthePalace,1994,Fantasy
1631,Slingshot,1993,Crime,Fantasy
1632,LandandFreedom,1996,war
1633,kldumklaka,1996,Comedy,Drama
1634,EtzHadomimTafus,1996,Drama
1635,TwoFriends,1986,Drama
1636,BrothersinTrouble,1996,Drama
1637,GirlsTown,1996,Drama
1638,NormalLife,1996,Crime,Drama
1639,BitterSugar,1996,Drama
1640,EighthDay,1996,Fantasy
1641,Dadetown,1996,Documentary
1642,SomeMothersSon,1996,Drama
1643,AngelBaby,1997,Drama
1644,SuddenManhattan,1997,Comedy
1645,ButcherBoy,1998,Fantasy
1646,MenWithGuns,1998,Action,Drama
1647,Hanabi,1998,Comedy,Crime
1648,Niagara,1997,Fantasy
1649,BigOne,1997,Crime,Drama
1650,ButcherBoy,1998,Fantasy
1651,SpanishPrisoner,1997,Fantasy,war
1652,TemptressMoon,1997,Romance
1653,EntertainingAngelsTheDorothyDayStory,1996,Drama
1654,ChairmanoftheBoard,1998,Comedy
1655,Favor,1994,Crime,SciFi
1656,LittleCity,1998,Comedy,Romance
1657,Target,1996,Action,Drama
1658,SubstanceofFire,1996,Fantasy
1659,GettingAwayWithMurder,1996,Comedy
1660,SmallFaces,1996,Drama
1661,NewAge,1994,Fantasy
1662,RoughMagic,1997,Drama,Romance
1663,NothingPersonal,1997,Drama,war
1664,8HeadsinaDuffelBag,1997,Comedy
1665,BrothersKiss,1997,Fantasy
1666,Ripe,1997,Drama
1667,NextStep,1995,Fantasy
1668,WeddingBellBlues,1997,Comedy
1669,MURDERandmurder,1997,Crime,Drama
1670,Tainted,1998,Comedy,Thriller
1671,FurtherGesture,1996,Fantasy
1672,Kika,1993,Drama
1673,Mirage,1995,Action,Thriller
1674,MammaRoma,1962,Drama
1675,Sunchaser,1996,Fantasy
1676,WaratHome,1996,Fantasy
1677,SweetNothing,1996,Drama
1678,Matisyn,1998,Drama
1679,BMonkey,1998,Romance,Thriller
1680,SlidingDoors,1998,Drama,Romance
1681,YouSoCrazy,1994,Comedy
1682,ScreamofStone,1996,Drama
